"","SA2_5DIG16","SA2_NAME16","GCC_NAME16"
"0","11007","Braidwood","Rest of NSW"
"1","11008","Karabar","Rest of NSW"
"2","11009","Queanbeyan","Rest of NSW"
"3","11010","Queanbeyan - East","Rest of NSW"
"4","11011","Queanbeyan Region","Rest of NSW"
"5","11012","Queanbeyan West - Jerrabomberra","Rest of NSW"
"6","11013","Bombala","Rest of NSW"
"7","11014","Cooma","Rest of NSW"
"8","11015","Cooma Region","Rest of NSW"
"9","11016","Jindabyne - Berridale","Rest of NSW"
"10","11017","Batemans Bay","Rest of NSW"
"11","11018","Batemans Bay - South","Rest of NSW"
"12","11019","Bega - Tathra","Rest of NSW"
"13","11020","Bega-Eden Hinterland","Rest of NSW"
"14","11021","Broulee - Tomakin","Rest of NSW"
"15","11022","Deua - Wadbilliga","Rest of NSW"
"16","11023","Eden","Rest of NSW"
"17","11024","Eurobodalla Hinterland","Rest of NSW"
"18","11025","Merimbula - Tura Beach","Rest of NSW"
"19","11026","Moruya - Tuross Head","Rest of NSW"
"20","11027","Narooma - Bermagui","Rest of NSW"
"21","11539","Goulburn","Rest of NSW"
"22","11540","Goulburn Region","Rest of NSW"
"23","11541","Yass","Rest of NSW"
"24","11542","Yass Region","Rest of NSW"
"25","11543","Young","Rest of NSW"
"26","11544","Young Region","Rest of NSW"
"27","11028","Avoca Beach - Copacabana","Greater Sydney"
"28","11029","Box Head - MacMasters Beach","Greater Sydney"
"29","11030","Calga - Kulnura","Greater Sydney"
"30","11031","Erina - Green Point","Greater Sydney"
"31","11032","Gosford - Springfield","Greater Sydney"
"32","11033","Kariong","Greater Sydney"
"33","11034","Kincumber - Picketts Valley","Greater Sydney"
"34","11035","Narara","Greater Sydney"
"35","11036","Niagara Park - Lisarow","Greater Sydney"
"36","11037","Point Clare - Koolewong","Greater Sydney"
"37","11038","Saratoga - Davistown","Greater Sydney"
"38","11039","Terrigal - North Avoca","Greater Sydney"
"39","11040","Umina - Booker Bay - Patonga","Greater Sydney"
"40","11041","Wamberal - Forresters Beach","Greater Sydney"
"41","11042","Woy Woy - Blackwall","Greater Sydney"
"42","11043","Wyoming","Greater Sydney"
"43","11044","Bateau Bay - Killarney Vale","Greater Sydney"
"44","11045","Blue Haven - San Remo","Greater Sydney"
"45","11046","Budgewoi - Buff Point - Halekulani","Greater Sydney"
"46","11047","Chittaway Bay - Tumbi Umbi","Greater Sydney"
"47","11048","Gorokan - Kanwal - Charmhaven","Greater Sydney"
"48","11049","Jilliby - Yarramalong","Greater Sydney"
"49","11050","Lake Munmorah - Mannering Park","Greater Sydney"
"50","11051","Ourimbah - Fountaindale","Greater Sydney"
"51","11052","Summerland Point - Gwandalan","Greater Sydney"
"52","11053","The Entrance","Greater Sydney"
"53","11054","Toukley - Norah Head","Greater Sydney"
"54","11055","Tuggerah - Kangy Angy","Greater Sydney"
"55","11056","Warnervale - Wadalba","Greater Sydney"
"56","11057","Wyong","Greater Sydney"
"57","11058","Bathurst","Rest of NSW"
"58","11059","Bathurst - East","Rest of NSW"
"59","11060","Bathurst Region","Rest of NSW"
"60","11061","Oberon","Rest of NSW"
"61","11062","Condobolin","Rest of NSW"
"62","11063","Cowra","Rest of NSW"
"63","11064","Cowra Region","Rest of NSW"
"64","11065","Forbes","Rest of NSW"
"65","11066","Grenfell","Rest of NSW"
"66","11067","Parkes (NSW)","Rest of NSW"
"67","11068","Parkes Region","Rest of NSW"
"68","11069","West Wyalong","Rest of NSW"
"69","11070","Lithgow","Rest of NSW"
"70","11071","Lithgow Region","Rest of NSW"
"71","11072","Mudgee","Rest of NSW"
"72","11073","Mudgee Region - East","Rest of NSW"
"73","11074","Mudgee Region - West","Rest of NSW"
"74","11075","Wollangambe - Wollemi","Rest of NSW"
"75","11076","Blayney","Rest of NSW"
"76","11077","Orange","Rest of NSW"
"77","11078","Orange - North","Rest of NSW"
"78","11079","Orange Region","Rest of NSW"
"79","11080","Grafton","Rest of NSW"
"80","11081","Grafton Region","Rest of NSW"
"81","11082","Maclean - Yamba - Iluka","Rest of NSW"
"82","11083","Bellingen","Rest of NSW"
"83","11084","Coffs Harbour - North","Rest of NSW"
"84","11085","Coffs Harbour - South","Rest of NSW"
"85","11086","Coramba - Nana Glen - Bucca","Rest of NSW"
"86","11087","Dorrigo","Rest of NSW"
"87","11088","Korora - Emerald Beach","Rest of NSW"
"88","11089","Sawtell - Boambee","Rest of NSW"
"89","11090","Urunga","Rest of NSW"
"90","11091","Woolgoolga - Arrawarra","Rest of NSW"
"91","11092","Bourke - Brewarrina","Rest of NSW"
"92","11093","Cobar","Rest of NSW"
"93","11094","Coonamble","Rest of NSW"
"94","11095","Nyngan - Warren","Rest of NSW"
"95","11096","Walgett - Lightning Ridge","Rest of NSW"
"96","11097","Broken Hill","Rest of NSW"
"97","11098","Far West","Rest of NSW"
"98","11099","Coonabarabran","Rest of NSW"
"99","11100","Dubbo - East","Rest of NSW"
"100","11101","Dubbo - South","Rest of NSW"
"101","11102","Dubbo - West","Rest of NSW"
"102","11103","Dubbo Region","Rest of NSW"
"103","11104","Gilgandra","Rest of NSW"
"104","11105","Narromine","Rest of NSW"
"105","11106","Wellington","Rest of NSW"
"106","11107","Branxton - Greta - Pokolbin","Rest of NSW"
"107","11108","Cessnock","Rest of NSW"
"108","11109","Cessnock Region","Rest of NSW"
"109","11110","Dungog","Rest of NSW"
"110","11111","Kurri Kurri - Abermain","Rest of NSW"
"111","11112","Singleton","Rest of NSW"
"112","11113","Singleton Region","Rest of NSW"
"113","11114","Maitland","Rest of NSW"
"114","11115","Maitland - East","Rest of NSW"
"115","11116","Maitland - North","Rest of NSW"
"116","11117","Maitland - West","Rest of NSW"
"117","11118","Thornton - Millers Forest","Rest of NSW"
"118","11119","Anna Bay","Rest of NSW"
"119","11120","Lemon Tree Passage - Tanilba Bay","Rest of NSW"
"120","11121","Nelson Bay Peninsula","Rest of NSW"
"121","11122","Raymond Terrace","Rest of NSW"
"122","11123","Seaham - Woodville","Rest of NSW"
"123","11124","Tea Gardens - Hawks Nest","Rest of NSW"
"124","11125","Williamtown - Medowie - Karuah","Rest of NSW"
"125","11126","Muswellbrook","Rest of NSW"
"126","11127","Muswellbrook Region","Rest of NSW"
"127","11128","Scone","Rest of NSW"
"128","11129","Scone Region","Rest of NSW"
"129","11131","Dapto - Avondale","Rest of NSW"
"130","11132","Horsley - Kembla Grange","Rest of NSW"
"131","11133","Port Kembla Industrial","Rest of NSW"
"132","11134","Unanderra - Mount Kembla","Rest of NSW"
"133","11545","Berkeley - Lake Heights - Cringila","Rest of NSW"
"134","11546","Port Kembla - Warrawong","Rest of NSW"
"135","11547","Windang - Primbee","Rest of NSW"
"136","11135","Illawarra Catchment Reserve","Rest of NSW"
"137","11136","Albion Park - Macquarie Pass","Rest of NSW"
"138","11137","Albion Park Rail","Rest of NSW"
"139","11138","Kiama","Rest of NSW"
"140","11139","Kiama Downs - Minnamurra","Rest of NSW"
"141","11140","Kiama Hinterland - Gerringong","Rest of NSW"
"142","11141","Shellharbour - Flinders","Rest of NSW"
"143","11142","Shellharbour - Oak Flats","Rest of NSW"
"144","11143","Warilla","Rest of NSW"
"145","11144","Balgownie - Fairy Meadow","Rest of NSW"
"146","11145","Corrimal - Tarrawanna - Bellambi","Rest of NSW"
"147","11146","Figtree - Keiraville","Rest of NSW"
"148","11147","Helensburgh","Rest of NSW"
"149","11148","Thirroul - Austinmer - Coalcliff","Rest of NSW"
"150","11150","Woonona - Bulli - Russell Vale","Rest of NSW"
"151","11548","Wollongong - East","Rest of NSW"
"152","11549","Wollongong - West","Rest of NSW"
"153","11151","Bulahdelah - Stroud","Rest of NSW"
"154","11152","Forster","Rest of NSW"
"155","11153","Forster-Tuncurry Region","Rest of NSW"
"156","11154","Tuncurry","Rest of NSW"
"157","11155","Kempsey","Rest of NSW"
"158","11156","Kempsey Region","Rest of NSW"
"159","11157","Macksville - Scotts Head","Rest of NSW"
"160","11158","Nambucca Heads","Rest of NSW"
"161","11159","Nambucca Heads Region","Rest of NSW"
"162","11160","South West Rocks","Rest of NSW"
"163","11161","Lord Howe Island","Rest of NSW"
"164","11162","Laurieton - Bonny Hills","Rest of NSW"
"165","11163","Port Macquarie - East","Rest of NSW"
"166","11164","Port Macquarie - West","Rest of NSW"
"167","11165","Port Macquarie Region","Rest of NSW"
"168","11166","Wauchope","Rest of NSW"
"169","11167","Gloucester","Rest of NSW"
"170","11168","Old Bar - Manning Point - Red Head","Rest of NSW"
"171","11169","Taree","Rest of NSW"
"172","11170","Taree Region","Rest of NSW"
"173","11171","Wingham","Rest of NSW"
"174","11172","Albury - East","Rest of NSW"
"175","11173","Albury - North","Rest of NSW"
"176","11174","Albury - South","Rest of NSW"
"177","11175","Albury Region","Rest of NSW"
"178","11176","Lavington","Rest of NSW"
"179","11177","Hay","Rest of NSW"
"180","11178","Wentworth - Buronga","Rest of NSW"
"181","11179","Wentworth-Balranald Region","Rest of NSW"
"182","11180","Corowa","Rest of NSW"
"183","11181","Corowa Region","Rest of NSW"
"184","11182","Deniliquin","Rest of NSW"
"185","11183","Deniliquin Region","Rest of NSW"
"186","11184","Moama","Rest of NSW"
"187","11185","Tocumwal - Finley - Jerilderie","Rest of NSW"
"188","11186","Armidale","Rest of NSW"
"189","11187","Armidale Region - North","Rest of NSW"
"190","11188","Armidale Region - South","Rest of NSW"
"191","11189","Walcha","Rest of NSW"
"192","11190","Glen Innes","Rest of NSW"
"193","11191","Inverell","Rest of NSW"
"194","11192","Inverell Region - East","Rest of NSW"
"195","11193","Inverell Region - West","Rest of NSW"
"196","11194","Tenterfield","Rest of NSW"
"197","11195","Moree","Rest of NSW"
"198","11196","Moree Region","Rest of NSW"
"199","11197","Narrabri","Rest of NSW"
"200","11198","Narrabri Region","Rest of NSW"
"201","11199","Gunnedah","Rest of NSW"
"202","11200","Gunnedah Region","Rest of NSW"
"203","11201","Quirindi","Rest of NSW"
"204","11202","Tamworth - East","Rest of NSW"
"205","11203","Tamworth - North","Rest of NSW"
"206","11204","Tamworth - West","Rest of NSW"
"207","11205","Tamworth Region","Rest of NSW"
"208","11206","Belmont - Bennetts Green","Rest of NSW"
"209","11207","Belmont South - Blacksmiths","Rest of NSW"
"210","11208","Charlestown - Dudley","Rest of NSW"
"211","11209","Glendale - Cardiff - Hillsborough","Rest of NSW"
"212","11210","Mount Hutton - Windale","Rest of NSW"
"213","11211","Redhead","Rest of NSW"
"214","11212","Swansea - Caves Beach","Rest of NSW"
"215","11213","Valentine - Eleebana","Rest of NSW"
"216","11214","Warners Bay - Boolaroo","Rest of NSW"
"217","11215","Bolton Point - Teralba","Rest of NSW"
"218","11216","Bonnells Bay - Silverwater","Rest of NSW"
"219","11217","Edgeworth - Cameron Park","Rest of NSW"
"220","11218","Morisset - Cooranbong","Rest of NSW"
"221","11219","Toronto - Awaba","Rest of NSW"
"222","11220","Wangi Wangi - Rathmines","Rest of NSW"
"223","11221","West Wallsend - Barnsley - Killingworth","Rest of NSW"
"224","11222","Adamstown - Kotara","Rest of NSW"
"225","11223","Beresfield - Hexham","Rest of NSW"
"226","11224","Hamilton - Broadmeadow","Rest of NSW"
"227","11225","Lambton - New Lambton","Rest of NSW"
"228","11226","Maryland - Fletcher - Minmi","Rest of NSW"
"229","11227","Mayfield - Warabrook","Rest of NSW"
"230","11228","Merewether - The Junction","Rest of NSW"
"231","11229","Newcastle - Cooks Hill","Rest of NSW"
"232","11230","Newcastle Port - Kooragang","Rest of NSW"
"233","11231","Shortland - Jesmond","Rest of NSW"
"234","11232","Stockton - Fullerton Cove","Rest of NSW"
"235","11233","Wallsend - Elermore Vale","Rest of NSW"
"236","11234","Waratah - North Lambton","Rest of NSW"
"237","11235","Wickham - Carrington - Tighes Hill","Rest of NSW"
"238","11236","Ballina","Rest of NSW"
"239","11237","Ballina Region","Rest of NSW"
"240","11238","Bangalow","Rest of NSW"
"241","11239","Brunswick Heads - Ocean Shores","Rest of NSW"
"242","11240","Byron Bay","Rest of NSW"
"243","11241","Evans Head","Rest of NSW"
"244","11242","Lennox Head - Skennars Head","Rest of NSW"
"245","11243","Mullumbimby","Rest of NSW"
"246","11244","Casino","Rest of NSW"
"247","11245","Casino Region","Rest of NSW"
"248","11246","Goonellabah","Rest of NSW"
"249","11247","Kyogle","Rest of NSW"
"250","11248","Lismore","Rest of NSW"
"251","11249","Lismore Region","Rest of NSW"
"252","11250","Kingscliff - Fingal Head","Rest of NSW"
"253","11251","Murwillumbah","Rest of NSW"
"254","11252","Murwillumbah Region","Rest of NSW"
"255","11253","Pottsville","Rest of NSW"
"256","11254","Tweed Heads","Rest of NSW"
"257","11550","Banora Point","Rest of NSW"
"258","11551","Terranora - North Tumblegum","Rest of NSW"
"259","11552","Tweed Heads South","Rest of NSW"
"260","11256","Griffith (NSW)","Rest of NSW"
"261","11257","Griffith Region","Rest of NSW"
"262","11258","Leeton","Rest of NSW"
"263","11259","Narrandera","Rest of NSW"
"264","11260","Tumbarumba","Rest of NSW"
"265","11261","Tumut","Rest of NSW"
"266","11262","Tumut Region","Rest of NSW"
"267","11263","Cootamundra","Rest of NSW"
"268","11264","Gundagai","Rest of NSW"
"269","11265","Junee","Rest of NSW"
"270","11266","Temora","Rest of NSW"
"271","11267","Wagga Wagga - East","Rest of NSW"
"272","11268","Wagga Wagga - North","Rest of NSW"
"273","11269","Wagga Wagga - South","Rest of NSW"
"274","11270","Wagga Wagga - West","Rest of NSW"
"275","11271","Wagga Wagga Region","Rest of NSW"
"276","11272","Berry - Kangaroo Valley","Rest of NSW"
"277","11273","Callala Bay - Currarong","Rest of NSW"
"278","11274","Culburra Beach","Rest of NSW"
"279","11275","Ettrema - Sassafras - Budawang","Rest of NSW"
"280","11276","Huskisson - Vincentia","Rest of NSW"
"281","11277","North Nowra - Bomaderry","Rest of NSW"
"282","11278","Nowra","Rest of NSW"
"283","11279","St Georges Basin - Erowal Bay","Rest of NSW"
"284","11280","Sussex Inlet - Berrara","Rest of NSW"
"285","11281","Tomerong - Wandandian - Woollamia","Rest of NSW"
"286","11282","Ulladulla","Rest of NSW"
"287","11283","Ulladulla Region","Rest of NSW"
"288","11284","Bowral","Rest of NSW"
"289","11285","Hill Top - Colo Vale","Rest of NSW"
"290","11286","Mittagong","Rest of NSW"
"291","11287","Moss Vale - Berrima","Rest of NSW"
"292","11288","Robertson - Fitzroy Falls","Rest of NSW"
"293","11289","Southern Highlands","Rest of NSW"
"294","11290","Baulkham Hills (East)","Greater Sydney"
"295","11291","Baulkham Hills (West) - Bella Vista","Greater Sydney"
"296","11294","Glenhaven","Greater Sydney"
"297","11296","West Pennant Hills","Greater Sydney"
"298","11553","Castle Hill - Central","Greater Sydney"
"299","11554","Castle Hill - East","Greater Sydney"
"300","11555","Castle Hill - North","Greater Sydney"
"301","11556","Castle Hill - South","Greater Sydney"
"302","11557","Castle Hill - West","Greater Sydney"
"303","11558","Cherrybrook","Greater Sydney"
"304","11559","Kellyville","Greater Sydney"
"305","11297","Dural - Kenthurst - Wisemans Ferry","Greater Sydney"
"306","11298","Galston - Laughtondale","Greater Sydney"
"307","11299","Bilpin - Colo - St Albans","Greater Sydney"
"308","11300","Kurrajong Heights - Ebenezer","Greater Sydney"
"309","11301","Pitt Town - McGraths Hill","Greater Sydney"
"310","11302","Rouse Hill - Beaumont Hills","Greater Sydney"
"311","11303","Blacktown (East) - Kings Park","Greater Sydney"
"312","11304","Blacktown (North) - Marayong","Greater Sydney"
"313","11306","Doonside - Woodcroft","Greater Sydney"
"314","11307","Lalor Park - Kings Langley","Greater Sydney"
"315","11308","Seven Hills - Toongabbie","Greater Sydney"
"316","11560","Blacktown (South)","Greater Sydney"
"317","11561","Blacktown (West)","Greater Sydney"
"318","11309","Glenwood","Greater Sydney"
"319","11310","Parklea - Kellyville Ridge","Greater Sydney"
"320","11312","Riverstone - Marsden Park","Greater Sydney"
"321","11562","Acacia Gardens","Greater Sydney"
"322","11563","Quakers Hill","Greater Sydney"
"323","11313","Bidwill - Hebersham - Emerton","Greater Sydney"
"324","11314","Glendenning - Dean Park","Greater Sydney"
"325","11315","Hassall Grove - Plumpton","Greater Sydney"
"326","11316","Lethbridge Park - Tregear","Greater Sydney"
"327","11317","Mount Druitt - Whalan","Greater Sydney"
"328","11318","Prospect Reservoir","Greater Sydney"
"329","11319","Rooty Hill - Minchinbury","Greater Sydney"
"330","11320","Banksmeadow","Greater Sydney"
"331","11321","Botany","Greater Sydney"
"332","11322","Mascot - Eastlakes","Greater Sydney"
"333","11323","Pagewood - Hillsdale - Daceyville","Greater Sydney"
"334","11324","Port Botany Industrial","Greater Sydney"
"335","11325","Sydney Airport","Greater Sydney"
"336","11326","Marrickville","Greater Sydney"
"337","11327","Petersham - Stanmore","Greater Sydney"
"338","11328","Sydenham - Tempe - St Peters","Greater Sydney"
"339","11329","Darlinghurst","Greater Sydney"
"340","11330","Erskineville - Alexandria","Greater Sydney"
"341","11331","Glebe - Forest Lodge","Greater Sydney"
"342","11332","Newtown - Camperdown - Darlington","Greater Sydney"
"343","11333","Potts Point - Woolloomooloo","Greater Sydney"
"344","11334","Pyrmont - Ultimo","Greater Sydney"
"345","11335","Redfern - Chippendale","Greater Sydney"
"346","11336","Surry Hills","Greater Sydney"
"347","11337","Sydney - Haymarket - The Rocks","Greater Sydney"
"348","11338","Waterloo - Beaconsfield","Greater Sydney"
"349","11339","Bondi - Tamarama - Bronte","Greater Sydney"
"350","11340","Bondi Beach - North Bondi","Greater Sydney"
"351","11341","Bondi Junction - Waverly","Greater Sydney"
"352","11342","Centennial Park","Greater Sydney"
"353","11343","Double Bay - Bellevue Hill","Greater Sydney"
"354","11344","Dover Heights","Greater Sydney"
"355","11345","Paddington - Moore Park","Greater Sydney"
"356","11346","Rose Bay - Vaucluse - Watsons Bay","Greater Sydney"
"357","11347","Woollahra","Greater Sydney"
"358","11348","Coogee - Clovelly","Greater Sydney"
"359","11350","Malabar - La Perouse - Chifley","Greater Sydney"
"360","11564","Kensington (NSW)","Greater Sydney"
"361","11565","Kingsford","Greater Sydney"
"362","11566","Maroubra - North","Greater Sydney"
"363","11567","Maroubra - South","Greater Sydney"
"364","11568","Maroubra - West","Greater Sydney"
"365","11569","Randwick - North","Greater Sydney"
"366","11570","Randwick - South","Greater Sydney"
"367","11354","Bass Hill - Georges Hall","Greater Sydney"
"368","11355","Chullora","Greater Sydney"
"369","11356","Condell Park","Greater Sydney"
"370","11357","Greenacre - Mount Lewis","Greater Sydney"
"371","11358","Padstow","Greater Sydney"
"372","11359","Panania - Milperra - Picnic Point","Greater Sydney"
"373","11360","Revesby","Greater Sydney"
"374","11361","Yagoona - Birrong","Greater Sydney"
"375","11571","Bankstown - North","Greater Sydney"
"376","11572","Bankstown - South","Greater Sydney"
"377","11362","Belmore - Belfield","Greater Sydney"
"378","11363","Canterbury (South) - Campsie","Greater Sydney"
"379","11364","Kingsgrove (North) - Earlwood","Greater Sydney"
"380","11366","Punchbowl","Greater Sydney"
"381","11367","Roselands","Greater Sydney"
"382","11573","Lakemba","Greater Sydney"
"383","11574","Wiley Park","Greater Sydney"
"384","11368","Hurstville","Greater Sydney"
"385","11369","Mortdale - Penshurst","Greater Sydney"
"386","11370","Narwee - Beverly Hills","Greater Sydney"
"387","11371","Oatley - Hurstville Grove","Greater Sydney"
"388","11372","Peakhurst - Lugarno","Greater Sydney"
"389","11373","Riverwood","Greater Sydney"
"390","11374","South Hurstville - Blakehurst","Greater Sydney"
"391","11375","Arncliffe - Bardwell Valley","Greater Sydney"
"392","11376","Bexley","Greater Sydney"
"393","11377","Kingsgrove (South) - Bardwell Park","Greater Sydney"
"394","11378","Kogarah","Greater Sydney"
"395","11379","Kogarah Bay - Carlton - Allawah","Greater Sydney"
"396","11380","Monterey - Brighton-le-Sands - Kyeemagh","Greater Sydney"
"397","11381","Rockdale - Banksia","Greater Sydney"
"398","11382","Sans Souci - Ramsgate","Greater Sydney"
"399","11383","Concord - Mortlake - Cabarita","Greater Sydney"
"400","11384","Concord West - North Strathfield","Greater Sydney"
"401","11385","Drummoyne - Rodd Point","Greater Sydney"
"402","11386","Five Dock - Abbotsford","Greater Sydney"
"403","11387","Balmain","Greater Sydney"
"404","11388","Leichhardt - Annandale","Greater Sydney"
"405","11389","Lilyfield - Rozelle","Greater Sydney"
"406","11390","Ashfield","Greater Sydney"
"407","11391","Burwood - Croydon","Greater Sydney"
"408","11392","Canterbury (North) - Ashbury","Greater Sydney"
"409","11393","Croydon Park - Enfield","Greater Sydney"
"410","11394","Dulwich Hill - Lewisham","Greater Sydney"
"411","11395","Haberfield - Summer Hill","Greater Sydney"
"412","11396","Homebush","Greater Sydney"
"413","11575","Strathfield","Greater Sydney"
"414","11576","Strathfield South","Greater Sydney"
"415","11398","Chatswood (East) - Artarmon","Greater Sydney"
"416","11399","Chatswood (West) - Lane Cove North","Greater Sydney"
"417","11400","Lane Cove - Greenwich","Greater Sydney"
"418","11401","St Leonards - Naremburn","Greater Sydney"
"419","11402","Willoughby - Castle Cove - Northbridge","Greater Sydney"
"420","11403","Asquith - Mount Colah","Greater Sydney"
"421","11404","Berowra - Brooklyn - Cowan","Greater Sydney"
"422","11406","Normanhurst - Thornleigh - Westleigh","Greater Sydney"
"423","11577","Hornsby - East","Greater Sydney"
"424","11578","Hornsby - West","Greater Sydney"
"425","11579","Waitara - Wahroonga (West)","Greater Sydney"
"426","11407","Gordon - Killara","Greater Sydney"
"427","11408","Lindfield - Roseville","Greater Sydney"
"428","11409","Pymble","Greater Sydney"
"429","11410","St Ives","Greater Sydney"
"430","11411","Turramurra","Greater Sydney"
"431","11412","Wahroonga (East) - Warrawee","Greater Sydney"
"432","11413","Cremorne - Cammeray","Greater Sydney"
"433","11414","Crows Nest - Waverton","Greater Sydney"
"434","11415","Mosman","Greater Sydney"
"435","11416","Neutral Bay - Kirribilli","Greater Sydney"
"436","11417","North Sydney - Lavender Bay","Greater Sydney"
"437","11418","Balgowlah - Clontarf - Seaforth","Greater Sydney"
"438","11419","Manly - Fairlight","Greater Sydney"
"439","11420","Avalon - Palm Beach","Greater Sydney"
"440","11421","Bayview - Elanora Heights","Greater Sydney"
"441","11422","Newport - Bilgola","Greater Sydney"
"442","11423","Warriewood - Mona Vale","Greater Sydney"
"443","11424","Beacon Hill - Narraweena","Greater Sydney"
"444","11425","Cromer","Greater Sydney"
"445","11426","Dee Why - North Curl Curl","Greater Sydney"
"446","11427","Forestville - Killarney Heights","Greater Sydney"
"447","11428","Frenchs Forest - Belrose","Greater Sydney"
"448","11429","Freshwater - Brookvale","Greater Sydney"
"449","11430","Manly Vale - Allambie Heights","Greater Sydney"
"450","11431","Narrabeen - Collaroy","Greater Sydney"
"451","11432","Terrey Hills - Duffys Forest","Greater Sydney"
"452","11433","Camden - Ellis Lane","Greater Sydney"
"453","11434","Elderslie - Harrington Park","Greater Sydney"
"454","11435","Mount Annan - Currans Hill","Greater Sydney"
"455","11436","Bradbury - Wedderburn","Greater Sydney"
"456","11437","Campbelltown - Woodbine","Greater Sydney"
"457","11438","Claymore - Eagle Vale - Raby","Greater Sydney"
"458","11439","Holsworthy Military Area","Greater Sydney"
"459","11440","Ingleburn - Denham Court","Greater Sydney"
"460","11441","Leumeah - Minto Heights","Greater Sydney"
"461","11442","Macquarie Fields - Glenfield","Greater Sydney"
"462","11443","Minto - St Andrews","Greater Sydney"
"463","11444","Rosemeadow - Glen Alpine","Greater Sydney"
"464","11445","Bargo","Greater Sydney"
"465","11446","Douglas Park - Appin","Greater Sydney"
"466","11447","Picton - Tahmoor - Buxton","Greater Sydney"
"467","11448","The Oaks - Oakdale","Greater Sydney"
"468","11449","Blackheath - Megalong Valley","Greater Sydney"
"469","11450","Blaxland - Warrimoo - Lapstone","Greater Sydney"
"470","11451","Blue Mountains - North","Greater Sydney"
"471","11452","Katoomba - Leura","Greater Sydney"
"472","11453","Lawson - Hazelbrook - Linden","Greater Sydney"
"473","11454","Springwood - Winmalee","Greater Sydney"
"474","11455","Wentworth Falls","Greater Sydney"
"475","11456","Blue Mountains - South","Greater Sydney"
"476","11457","Cambridge Park","Greater Sydney"
"477","11458","Castlereagh - Cranebrook","Greater Sydney"
"478","11459","Emu Plains - Leonay","Greater Sydney"
"479","11460","Glenmore Park - Regentville","Greater Sydney"
"480","11461","Jamisontown - South Penrith","Greater Sydney"
"481","11462","Kingswood - Werrington","Greater Sydney"
"482","11463","Mulgoa - Luddenham - Orchard Hills","Greater Sydney"
"483","11464","Penrith","Greater Sydney"
"484","11465","Warragamba - Silverdale","Greater Sydney"
"485","11466","Richmond - Clarendon","Greater Sydney"
"486","11467","Windsor - Bligh Park","Greater Sydney"
"487","11468","Yarramundi - Londonderry","Greater Sydney"
"488","11469","Erskine Park","Greater Sydney"
"489","11470","St Clair","Greater Sydney"
"490","11580","Colyton - Oxley Park","Greater Sydney"
"491","11581","St Marys - North St Marys","Greater Sydney"
"492","11473","Homebush Bay - Silverwater","Greater Sydney"
"493","11475","Rookwood Cemetery","Greater Sydney"
"494","11582","Auburn - Central","Greater Sydney"
"495","11583","Auburn - North","Greater Sydney"
"496","11584","Auburn - South","Greater Sydney"
"497","11585","Berala","Greater Sydney"
"498","11586","Lidcombe","Greater Sydney"
"499","11587","Regents Park","Greater Sydney"
"500","11476","Carlingford","Greater Sydney"
"501","11477","Ermington - Rydalmere","Greater Sydney"
"502","11478","Oatlands - Dundas Valley","Greater Sydney"
"503","11479","Chester Hill - Sefton","Greater Sydney"
"504","11480","Fairfield - East","Greater Sydney"
"505","11481","Granville - Clyde","Greater Sydney"
"506","11482","Greystanes - Pemulwuy","Greater Sydney"
"507","11483","Guildford - South Granville","Greater Sydney"
"508","11484","Guildford West - Merrylands West","Greater Sydney"
"509","11485","Merrylands - Holroyd","Greater Sydney"
"510","11486","Smithfield Industrial","Greater Sydney"
"511","11487","Yennora Industrial","Greater Sydney"
"512","11489","North Parramatta","Greater Sydney"
"513","11490","North Rocks","Greater Sydney"
"514","11491","Northmead","Greater Sydney"
"515","11492","Parramatta - Rosehill","Greater Sydney"
"516","11493","Toongabbie - Constitution Hill","Greater Sydney"
"517","11494","Winston Hills","Greater Sydney"
"518","11588","Pendle Hill - Girraween","Greater Sydney"
"519","11589","Wentworthville - Westmead","Greater Sydney"
"520","11495","Epping - North Epping","Greater Sydney"
"521","11496","Pennant Hills - Cheltenham","Greater Sydney"
"522","11497","Eastwood - Denistone","Greater Sydney"
"523","11498","Gladesville - Huntleys Point","Greater Sydney"
"524","11499","Hunters Hill - Woolwich","Greater Sydney"
"525","11500","Macquarie Park - Marsfield","Greater Sydney"
"526","11501","North Ryde - East Ryde","Greater Sydney"
"527","11503","West Ryde - Meadowbank","Greater Sydney"
"528","11590","Putney","Greater Sydney"
"529","11591","Ryde","Greater Sydney"
"530","11504","Ashcroft - Busby - Miller","Greater Sydney"
"531","11505","Austral - Greendale","Greater Sydney"
"532","11506","Cobbitty - Leppington","Greater Sydney"
"533","11592","Badgerys Creek","Greater Sydney"
"534","11593","Cecil Hills","Greater Sydney"
"535","11594","Green Valley","Greater Sydney"
"536","11595","Hinchinbrook","Greater Sydney"
"537","11596","Hoxton Park - Carnes Hill - Horningsea Park","Greater Sydney"
"538","11597","West Hoxton - Middleton Grange","Greater Sydney"
"539","11509","Bonnyrigg Heights - Bonnyrigg","Greater Sydney"
"540","11510","Bossley Park - Abbotsbury","Greater Sydney"
"541","11511","Cabramatta - Lansvale","Greater Sydney"
"542","11512","Cabramatta West - Mount Pritchard","Greater Sydney"
"543","11513","Canley Vale - Canley Heights","Greater Sydney"
"544","11514","Edensor Park","Greater Sydney"
"545","11515","Fairfield","Greater Sydney"
"546","11516","Fairfield - West","Greater Sydney"
"547","11517","Greenfield Park - Prairiewood","Greater Sydney"
"548","11518","Horsley Park - Kemps Creek","Greater Sydney"
"549","11519","Smithfield - Wetherill Park","Greater Sydney"
"550","11520","St Johns Park - Wakeley","Greater Sydney"
"551","11521","Wetherill Park Industrial","Greater Sydney"
"552","11522","Casula","Greater Sydney"
"553","11523","Chipping Norton - Moorebank","Greater Sydney"
"554","11524","Holsworthy - Wattle Grove","Greater Sydney"
"555","11598","Liverpool","Greater Sydney"
"556","11599","Lurnea - Cartwright","Greater Sydney"
"557","11600","Prestons - Edmondson Park","Greater Sydney"
"558","11601","Warwick Farm","Greater Sydney"
"559","11529","Gymea - Grays Point","Greater Sydney"
"560","11530","Miranda - Yowie Bay","Greater Sydney"
"561","11531","Sylvania - Taren Point","Greater Sydney"
"562","11602","Caringbah","Greater Sydney"
"563","11603","Caringbah South","Greater Sydney"
"564","11604","Cronulla - Kurnell - Bundeena","Greater Sydney"
"565","11605","Lilli Pilli - Port Hacking - Dolans Bay","Greater Sydney"
"566","11606","Woolaware - Burraneer","Greater Sydney"
"567","11533","Heathcote - Waterfall","Greater Sydney"
"568","11534","Illawong - Alfords Point","Greater Sydney"
"569","11535","Menai - Lucas Heights - Woronora","Greater Sydney"
"570","11536","Oyster Bay - Como - Jannali","Greater Sydney"
"571","11537","Royal National Park","Greater Sydney"
"572","11538","Sutherland - Kirrawee","Greater Sydney"
"573","11607","Engadine","Greater Sydney"
"574","11608","Loftus - Yarrawarrah","Greater Sydney"
"575","11609","Woronora Heights","Greater Sydney"
"2171","81001","Aranda","Australian Capital Territory"
"2172","81002","Belconnen","Australian Capital Territory"
"2173","81003","Bruce","Australian Capital Territory"
"2174","81004","Charnwood","Australian Capital Territory"
"2175","81005","Cook","Australian Capital Territory"
"2176","81006","Dunlop","Australian Capital Territory"
"2177","81007","Evatt","Australian Capital Territory"
"2178","81008","Florey","Australian Capital Territory"
"2179","81009","Flynn (ACT)","Australian Capital Territory"
"2180","81010","Fraser","Australian Capital Territory"
"2181","81011","Giralang","Australian Capital Territory"
"2182","81012","Gooromon","Australian Capital Territory"
"2183","81013","Hawker","Australian Capital Territory"
"2184","81014","Higgins","Australian Capital Territory"
"2185","81015","Holt","Australian Capital Territory"
"2186","81016","Kaleen","Australian Capital Territory"
"2187","81017","Latham","Australian Capital Territory"
"2188","81018","Lawson","Australian Capital Territory"
"2189","81019","Macgregor (ACT)","Australian Capital Territory"
"2190","81020","Macquarie","Australian Capital Territory"
"2191","81021","McKellar","Australian Capital Territory"
"2192","81022","Melba","Australian Capital Territory"
"2193","81023","Page","Australian Capital Territory"
"2194","81024","Scullin","Australian Capital Territory"
"2195","81025","Spence","Australian Capital Territory"
"2196","81026","Weetangera","Australian Capital Territory"
"2197","81111","Molonglo Corridor","Australian Capital Territory"
"2198","81112","West Belconnen","Australian Capital Territory"
"2199","81031","Hume","Australian Capital Territory"
"2200","81032","Kowen","Australian Capital Territory"
"2201","81113","Canberra East","Australian Capital Territory"
"2202","81114","Canberra Airport","Australian Capital Territory"
"2203","81115","Majura","Australian Capital Territory"
"2204","81034","Amaroo","Australian Capital Territory"
"2205","81035","Bonner","Australian Capital Territory"
"2206","81036","Casey","Australian Capital Territory"
"2207","81037","Crace","Australian Capital Territory"
"2208","81038","Forde","Australian Capital Territory"
"2209","81039","Franklin","Australian Capital Territory"
"2210","81040","Gungahlin","Australian Capital Territory"
"2211","81043","Hall","Australian Capital Territory"
"2212","81044","Harrison","Australian Capital Territory"
"2213","81045","Mitchell","Australian Capital Territory"
"2214","81046","Ngunnawal","Australian Capital Territory"
"2215","81047","Nicholls","Australian Capital Territory"
"2216","81048","Palmerston","Australian Capital Territory"
"2217","81116","Gungahlin - East","Australian Capital Territory"
"2218","81117","Gungahlin - West","Australian Capital Territory"
"2219","81118","Jacka","Australian Capital Territory"
"2220","81119","Kenny","Australian Capital Territory"
"2221","81120","Moncrieff","Australian Capital Territory"
"2222","81121","Taylor","Australian Capital Territory"
"2223","81122","Throsby","Australian Capital Territory"
"2224","81049","Acton","Australian Capital Territory"
"2225","81050","Ainslie","Australian Capital Territory"
"2226","81051","Braddon","Australian Capital Territory"
"2227","81053","Civic","Australian Capital Territory"
"2228","81054","Dickson","Australian Capital Territory"
"2229","81055","Downer","Australian Capital Territory"
"2230","81056","Hackett","Australian Capital Territory"
"2231","81057","Lyneham","Australian Capital Territory"
"2232","81058","O'Connor (ACT)","Australian Capital Territory"
"2233","81060","Turner","Australian Capital Territory"
"2234","81061","Watson","Australian Capital Territory"
"2235","81123","Black Mountain","Australian Capital Territory"
"2236","81124","Campbell","Australian Capital Territory"
"2237","81125","Duntroon","Australian Capital Territory"
"2238","81126","Parkes (ACT) - North","Australian Capital Territory"
"2239","81127","Reid","Australian Capital Territory"
"2240","81128","Russell","Australian Capital Territory"
"2241","81062","Deakin","Australian Capital Territory"
"2242","81063","Forrest","Australian Capital Territory"
"2243","81064","Griffith (ACT)","Australian Capital Territory"
"2244","81066","Lake Burley Griffin","Australian Capital Territory"
"2245","81067","Narrabundah","Australian Capital Territory"
"2246","81068","Parkes (ACT) - South","Australian Capital Territory"
"2247","81069","Red Hill (ACT)","Australian Capital Territory"
"2248","81070","Yarralumla","Australian Capital Territory"
"2249","81129","Barton","Australian Capital Territory"
"2250","81130","Fyshwick","Australian Capital Territory"
"2251","81131","Kingston (ACT)","Australian Capital Territory"
"2252","81071","Banks","Australian Capital Territory"
"2253","81072","Bonython","Australian Capital Territory"
"2254","81073","Calwell","Australian Capital Territory"
"2255","81074","Chisholm","Australian Capital Territory"
"2256","81075","Conder","Australian Capital Territory"
"2257","81076","Fadden","Australian Capital Territory"
"2258","81077","Gilmore","Australian Capital Territory"
"2259","81078","Gordon (ACT)","Australian Capital Territory"
"2260","81079","Gowrie (ACT)","Australian Capital Territory"
"2261","81080","Greenway","Australian Capital Territory"
"2262","81081","Isabella Plains","Australian Capital Territory"
"2263","81082","Kambah","Australian Capital Territory"
"2264","81083","Macarthur","Australian Capital Territory"
"2265","81084","Monash","Australian Capital Territory"
"2266","81085","Mount Taylor","Australian Capital Territory"
"2267","81086","Oxley (ACT)","Australian Capital Territory"
"2268","81087","Richardson","Australian Capital Territory"
"2269","81088","Theodore","Australian Capital Territory"
"2270","81089","Tuggeranong","Australian Capital Territory"
"2271","81090","Wanniassa","Australian Capital Territory"
"2272","81132","Tuggeranong - West","Australian Capital Territory"
"2273","81091","Chapman","Australian Capital Territory"
"2274","81092","Duffy","Australian Capital Territory"
"2275","81093","Fisher","Australian Capital Territory"
"2276","81094","Holder","Australian Capital Territory"
"2277","81095","Rivett","Australian Capital Territory"
"2278","81096","Stirling","Australian Capital Territory"
"2279","81097","Waramanga","Australian Capital Territory"
"2280","81098","Weston","Australian Capital Territory"
"2281","81133","Scrivener","Australian Capital Territory"
"2282","81099","Chifley","Australian Capital Territory"
"2283","81100","Curtin","Australian Capital Territory"
"2284","81101","Farrer","Australian Capital Territory"
"2285","81102","Garran","Australian Capital Territory"
"2286","81103","Hughes","Australian Capital Territory"
"2287","81104","Isaacs","Australian Capital Territory"
"2288","81105","Lyons (ACT)","Australian Capital Territory"
"2289","81106","Mawson","Australian Capital Territory"
"2290","81107","O'Malley","Australian Capital Territory"
"2291","81108","Pearce","Australian Capital Territory"
"2292","81109","Phillip","Australian Capital Territory"
"2293","81110","Torrens","Australian Capital Territory"
"2294","81134","Arboretum","Australian Capital Territory"
"2295","81135","Coombs","Australian Capital Territory"
"2296","81136","Denman Prospect","Australian Capital Territory"
"2297","81137","Molonglo","Australian Capital Territory"
"2298","81138","Molonglo - North","Australian Capital Territory"
"2299","81139","Wright","Australian Capital Territory"
"2300","81140","ACT - South West","Australian Capital Territory"
"2301","81141","Namadgi","Australian Capital Territory"
